<keymap version="1" name="GNOME copy" parent="Default for GNOME">
  <action id="ActivateCommitToolWindow">
    <keyboard-shortcut first-keystroke="alt 0" />
    <keyboard-shortcut first-keystroke="alt g" />
  </action>
  <action id="ActivateProjectToolWindow">
    <keyboard-shortcut first-keystroke="alt 1" />
    <keyboard-shortcut first-keystroke="alt e" />
  </action>
  <action id="ActivateTerminalToolWindow">
    <keyboard-shortcut first-keystroke="alt f12" />
    <keyboard-shortcut first-keystroke="alt t" />
  </action>
  <action id="ChangesView.ToggleCommitUi">
    <keyboard-shortcut first-keystroke="ctrl k" />
  </action>
  <action id="CloseContent">
    <keyboard-shortcut first-keystroke="ctrl f4" />
    <keyboard-shortcut first-keystroke="alt q" />
  </action>
  <action id="Console.TableResult.CloneColumn" />
  <action id="EditorContextInfo" />
  <action id="EditorMatchBrace" />
  <action id="Git.Commit.Stage">
    <keyboard-shortcut first-keystroke="ctrl k" />
  </action>
  <action id="Images.Editor.ToggleGrid" />
  <action id="QuickImplementations" />
  <action id="ShowPopupMenu">
    <keyboard-shortcut first-keystroke="context_menu" />
    <keyboard-shortcut first-keystroke="shift ctrl m" />
  </action>
  <action id="ToggleDistractionFreeMode">
    <keyboard-shortcut first-keystroke="shift ctrl alt d" />
    <keyboard-shortcut first-keystroke="alt d" />
  </action>
  <action id="UML.ShowChanges" />
  <action id="com.codeium.intellij.auth.DisableCodeiumAction">
    <keyboard-shortcut first-keystroke="ctrl quote" />
  </action>
  <action id="com.codeium.intellij.auth.EnableCodeiumAction">
    <keyboard-shortcut first-keystroke="ctrl semicolon" />
  </action>
</keymap>