<profile version="1.0">
  <option name="myName" value="lognexJavaInspections" />
  <inspection_tool class="AbstractClassNeverImplemented" enabled="true" level="WARNING" enabled_by_default="true" />
  <inspection_tool class="Annotator" enabled="false" level="ERROR" enabled_by_default="false" />
  <inspection_tool class="BigDecimalEquals" enabled="true" level="WARNING" enabled_by_default="true" />
  <inspection_tool class="CdiInjectionPointsInspection" enabled="false" level="WARNING" enabled_by_default="false" />
  <inspection_tool class="ClassInitializer" enabled="true" level="WARNING" enabled_by_default="true" />
  <inspection_tool class="ClassNameDiffersFromFileName" enabled="true" level="WARNING" enabled_by_default="true" />
  <inspection_tool class="ComparableImplementedButEqualsNotOverridden" enabled="true" level="WARNING" enabled_by_default="true" />
  <inspection_tool class="ControlFlowStatementWithoutBraces" enabled="true" level="WARNING" enabled_by_default="true" />
  <inspection_tool class="CssUnknownTarget" enabled="false" level="ERROR" enabled_by_default="false" />
  <inspection_tool class="CssUnknownTargetInspection" enabled="false" level="WARNING" enabled_by_default="false" />
  <inspection_tool class="CssUnusedSymbol" enabled="false" level="WARNING" enabled_by_default="false" />
  <inspection_tool class="DanglingJavadoc" enabled="false" level="WARNING" enabled_by_default="false" />
  <inspection_tool class="DefaultFileTemplate" enabled="false" level="WARNING" enabled_by_default="false">
    <option name="CHECK_FILE_HEADER" value="true" />
    <option name="CHECK_TRY_CATCH_SECTION" value="true" />
    <option name="CHECK_METHOD_BODY" value="true" />
  </inspection_tool>
  <inspection_tool class="DefaultNotLastCaseInSwitch" enabled="true" level="WARNING" enabled_by_default="true" />
  <inspection_tool class="DoubleBraceInitialization" enabled="true" level="WARNING" enabled_by_default="true" />
  <inspection_tool class="DuplicateBooleanBranch" enabled="true" level="WARNING" enabled_by_default="true" />
  <inspection_tool class="EjbClassBasicInspection" enabled="false" level="ERROR" enabled_by_default="false" />
  <inspection_tool class="EjbClassWarningsInspection" enabled="false" level="WARNING" enabled_by_default="false" />
  <inspection_tool class="EjbDomInspection" enabled="false" level="ERROR" enabled_by_default="false" />
  <inspection_tool class="EjbEntityClassInspection" enabled="false" level="ERROR" enabled_by_default="false" />
  <inspection_tool class="EjbEntityHomeInspection" enabled="false" level="ERROR" enabled_by_default="false" />
  <inspection_tool class="EjbEntityInterfaceInspection" enabled="false" level="ERROR" enabled_by_default="false" />
  <inspection_tool class="EjbEnvironmentInspection" enabled="false" level="ERROR" enabled_by_default="false" />
  <inspection_tool class="EjbInterceptorInspection" enabled="false" level="ERROR" enabled_by_default="false" />
  <inspection_tool class="EjbInterceptorWarningsInspection" enabled="false" level="WARNING" enabled_by_default="false" />
  <inspection_tool class="EjbInterfaceMethodInspection" enabled="false" level="ERROR" enabled_by_default="false" />
  <inspection_tool class="EjbInterfaceSignatureInspection" enabled="false" level="ERROR" enabled_by_default="false" />
  <inspection_tool class="EjbProhibitedPackageUsageInspection" enabled="false" level="WARNING" enabled_by_default="false" />
  <inspection_tool class="EjbQlInspection" enabled="false" level="ERROR" enabled_by_default="false" />
  <inspection_tool class="EjbRemoteRequirementsInspection" enabled="false" level="ERROR" enabled_by_default="false" />
  <inspection_tool class="EjbSessionHomeInterfaceInspection" enabled="false" level="ERROR" enabled_by_default="false" />
  <inspection_tool class="EjbStaticAccessInspection" enabled="false" level="WARNING" enabled_by_default="false" />
  <inspection_tool class="EjbThisExpressionInspection" enabled="false" level="WARNING" enabled_by_default="false" />
  <inspection_tool class="EqualsAndHashcode" enabled="true" level="WARNING" enabled_by_default="true" />
  <inspection_tool class="ExtendsConcreteCollection" enabled="true" level="WARNING" enabled_by_default="true" />
  <inspection_tool class="Finalize" enabled="true" level="ERROR" enabled_by_default="true">
    <option name="ignoreTrivialFinalizers" value="true" />
  </inspection_tool>
  <inspection_tool class="GWTStyleCheck" enabled="false" level="ERROR" enabled_by_default="false" />
  <inspection_tool class="GwtClientClassFromNonInheritedModule" enabled="false" level="ERROR" enabled_by_default="false" />
  <inspection_tool class="GwtCssResourceErrors" enabled="true" level="WARNING" enabled_by_default="true" />
  <inspection_tool class="GwtServiceNotRegistered" enabled="false" level="ERROR" enabled_by_default="false" />
  <inspection_tool class="GwtToHtmlReferences" enabled="false" level="ERROR" enabled_by_default="false" />
  <inspection_tool class="HtmlUnknownTarget" enabled="false" level="WARNING" enabled_by_default="false" />
  <inspection_tool class="JavaDoc" enabled="false" level="WARNING" enabled_by_default="false">
    <option name="TOP_LEVEL_CLASS_OPTIONS">
      <value>
        <option name="ACCESS_JAVADOC_REQUIRED_FOR" value="none" />
        <option name="REQUIRED_TAGS" value="" />
      </value>
    </option>
    <option name="INNER_CLASS_OPTIONS">
      <value>
        <option name="ACCESS_JAVADOC_REQUIRED_FOR" value="none" />
        <option name="REQUIRED_TAGS" value="" />
      </value>
    </option>
    <option name="METHOD_OPTIONS">
      <value>
        <option name="ACCESS_JAVADOC_REQUIRED_FOR" value="none" />
        <option name="REQUIRED_TAGS" value="@return@param@throws or @exception" />
      </value>
    </option>
    <option name="FIELD_OPTIONS">
      <value>
        <option name="ACCESS_JAVADOC_REQUIRED_FOR" value="none" />
        <option name="REQUIRED_TAGS" value="" />
      </value>
    </option>
    <option name="IGNORE_DEPRECATED" value="false" />
    <option name="IGNORE_JAVADOC_PERIOD" value="true" />
    <option name="IGNORE_DUPLICATED_THROWS" value="false" />
    <option name="IGNORE_POINT_TO_ITSELF" value="false" />
    <option name="myAdditionalJavadocTags" value="" />
  </inspection_tool>
  <inspection_tool class="JavadocDeclaration" enabled="false" level="WARNING" enabled_by_default="false" />
  <inspection_tool class="JavadocReference" enabled="false" level="ERROR" enabled_by_default="false" />
  <inspection_tool class="JavaeeApplicationDomInspection" enabled="false" level="ERROR" enabled_by_default="false" />
  <inspection_tool class="JpaConfigDomFacetInspection" enabled="false" level="WARNING" enabled_by_default="false" />
  <inspection_tool class="JpaDataSourceORMDomInspection" enabled="false" level="ERROR" enabled_by_default="false" />
  <inspection_tool class="JpaDataSourceORMInspection" enabled="false" level="ERROR" enabled_by_default="false" />
  <inspection_tool class="JpaDomInspection" enabled="false" level="ERROR" enabled_by_default="false" />
  <inspection_tool class="JpaEntityListenerInspection" enabled="false" level="ERROR" enabled_by_default="false" />
  <inspection_tool class="JpaEntityListenerWarningsInspection" enabled="false" level="WARNING" enabled_by_default="false" />
  <inspection_tool class="JpaModelReferenceInspection" enabled="false" level="ERROR" enabled_by_default="false" />
  <inspection_tool class="JpaORMDomInspection" enabled="false" level="ERROR" enabled_by_default="false" />
  <inspection_tool class="JpaQlInspection" enabled="false" level="ERROR" enabled_by_default="false" />
  <inspection_tool class="JpaQueryApiInspection" enabled="false" level="ERROR" enabled_by_default="false" />
  <inspection_tool class="LocalCanBeFinal" enabled="false" level="WARNING" enabled_by_default="false">
    <option name="REPORT_VARIABLES" value="false" />
    <option name="REPORT_PARAMETERS" value="false" />
  </inspection_tool>
  <inspection_tool class="LoggerInitializedWithForeignClass" enabled="false" level="WARNING" enabled_by_default="false">
    <option name="loggerClassName" value="org.apache.log4j.Logger,org.slf4j.LoggerFactory,org.apache.commons.logging.LogFactory,java.util.logging.Logger" />
    <option name="loggerFactoryMethodName" value="getLogger,getLogger,getLog,getLogger" />
  </inspection_tool>
  <inspection_tool class="ManagedBeanClassInspection" enabled="false" level="ERROR" enabled_by_default="false" />
  <inspection_tool class="MapReplaceableByEnumMap" enabled="true" level="WARNING" enabled_by_default="true" />
  <inspection_tool class="MimeType" enabled="false" level="ERROR" enabled_by_default="false" />
  <inspection_tool class="MissingJavadoc" enabled="false" level="WARNING" enabled_by_default="false">
    <option name="PACKAGE_SETTINGS">
      <Options>
        <option name="ENABLED" value="false" />
      </Options>
    </option>
    <option name="MODULE_SETTINGS">
      <Options>
        <option name="ENABLED" value="false" />
      </Options>
    </option>
    <option name="TOP_LEVEL_CLASS_SETTINGS">
      <Options>
        <option name="ENABLED" value="false" />
      </Options>
    </option>
    <option name="INNER_CLASS_SETTINGS">
      <Options>
        <option name="ENABLED" value="false" />
      </Options>
    </option>
    <option name="METHOD_SETTINGS">
      <Options>
        <option name="REQUIRED_TAGS" value="@return@param@throws or @exception" />
        <option name="ENABLED" value="false" />
      </Options>
    </option>
    <option name="FIELD_SETTINGS">
      <Options>
        <option name="ENABLED" value="false" />
      </Options>
    </option>
  </inspection_tool>
  <inspection_tool class="MissingOverrideAnnotation" enabled="true" level="WARNING" enabled_by_default="true">
    <option name="ignoreObjectMethods" value="true" />
    <option name="ignoreAnonymousClassMethods" value="false" />
  </inspection_tool>
  <inspection_tool class="MultipleTopLevelClassesInFile" enabled="true" level="WARNING" enabled_by_default="true" />
  <inspection_tool class="NativeMethods" enabled="false" level="ERROR" enabled_by_default="false" />
  <inspection_tool class="NonFinalUtilityClass" enabled="true" level="WARNING" enabled_by_default="true" />
  <inspection_tool class="NonJREEmulationClassesInClientCode" enabled="false" level="ERROR" enabled_by_default="false" />
  <inspection_tool class="NullableProblems" enabled="false" level="WARNING" enabled_by_default="false">
    <option name="REPORT_NULLABLE_METHOD_OVERRIDES_NOTNULL" value="true" />
    <option name="REPORT_NOT_ANNOTATED_METHOD_OVERRIDES_NOTNULL" value="true" />
    <option name="REPORT_NOTNULL_PARAMETER_OVERRIDES_NULLABLE" value="true" />
    <option name="REPORT_NOT_ANNOTATED_PARAMETER_OVERRIDES_NOTNULL" value="true" />
    <option name="REPORT_NOT_ANNOTATED_GETTER" value="true" />
    <option name="REPORT_NOT_ANNOTATED_SETTER_PARAMETER" value="true" />
    <option name="REPORT_ANNOTATION_NOT_PROPAGATED_TO_OVERRIDERS" value="true" />
    <option name="REPORT_NULLS_PASSED_TO_NON_ANNOTATED_METHOD" value="true" />
  </inspection_tool>
  <inspection_tool class="ObsoleteCollection" enabled="true" level="WARNING" enabled_by_default="true">
    <option name="ignoreRequiredObsoleteCollectionTypes" value="false" />
  </inspection_tool>
  <inspection_tool class="OptionalUsedAsFieldOrParameterType" enabled="false" level="WARNING" enabled_by_default="false" />
  <inspection_tool class="ParameterTypePreventsOverriding" enabled="true" level="WARNING" enabled_by_default="true" />
  <inspection_tool class="ProblematicVarargsMethodOverride" enabled="true" level="WARNING" enabled_by_default="true" />
  <inspection_tool class="RawTypeCanBeGeneric" enabled="true" level="WARNING" enabled_by_default="true" />
  <inspection_tool class="RedundantImplements" enabled="true" level="WARNING" enabled_by_default="true">
    <option name="ignoreSerializable" value="false" />
    <option name="ignoreCloneable" value="false" />
  </inspection_tool>
  <inspection_tool class="ResultOfObjectAllocationIgnored" enabled="true" level="WARNING" enabled_by_default="true" />
  <inspection_tool class="RuntimeExec" enabled="true" level="WARNING" enabled_by_default="true" />
  <inspection_tool class="SameParameterValue" enabled="false" level="WARNING" enabled_by_default="false" />
  <inspection_tool class="ServletWithoutMappingInspection" enabled="false" level="ERROR" enabled_by_default="false" />
  <inspection_tool class="SpellCheckingInspection" enabled="true" level="TYPO" enabled_by_default="false">
    <scope name="Project Files" level="TYPO" enabled="true">
      <option name="processCode" value="true" />
      <option name="processLiterals" value="true" />
      <option name="processComments" value="true" />
    </scope>
    <option name="processCode" value="true" />
    <option name="processLiterals" value="true" />
    <option name="processComments" value="true" />
  </inspection_tool>
  <inspection_tool class="StaticInheritance" enabled="true" level="WARNING" enabled_by_default="true" />
  <inspection_tool class="SystemExit" enabled="true" level="ERROR" enabled_by_default="true" />
  <inspection_tool class="SystemGC" enabled="true" level="ERROR" enabled_by_default="true" />
  <inspection_tool class="SystemOutErr" enabled="true" level="WARNING" enabled_by_default="true" />
  <inspection_tool class="ThreadDumpStack" enabled="true" level="WARNING" enabled_by_default="true" />
  <inspection_tool class="TypeParameterExtendsFinalClass" enabled="true" level="WARNING" enabled_by_default="true" />
  <inspection_tool class="UseOfObsoleteAssert" enabled="true" level="WARNING" enabled_by_default="true" />
  <inspection_tool class="UtilityClassWithPublicConstructor" enabled="true" level="WARNING" enabled_by_default="true" />
  <inspection_tool class="UtilityClassWithoutPrivateConstructor" enabled="true" level="WARNING" enabled_by_default="true">
    <option name="ignorableAnnotations">
      <value />
    </option>
    <option name="ignoreClassesWithOnlyMain" value="false" />
  </inspection_tool>
  <inspection_tool class="WeakerAccess" enabled="true" level="WARNING" enabled_by_default="true">
    <option name="SUGGEST_PACKAGE_LOCAL_FOR_MEMBERS" value="false" />
    <option name="SUGGEST_PACKAGE_LOCAL_FOR_TOP_CLASSES" value="true" />
    <option name="SUGGEST_PRIVATE_FOR_INNERS" value="false" />
  </inspection_tool>
  <inspection_tool class="WebProperties" enabled="false" level="ERROR" enabled_by_default="false" />
  <inspection_tool class="WebWarnings" enabled="false" level="WARNING" enabled_by_default="false" />
</profile>