<application>
  <component name="FileTypeManager" version="19">
    <extensionMap>
      <mapping pattern=".nvmrc" type="PLAIN_TEXT" />
      <mapping pattern=".gitconfig-mc" type="PLAIN_TEXT" />
      <removed_mapping ext="apk" approved="true" type="ARCHIVE" />
      <removed_mapping ext="bash" approved="true" type="Shell Script" />
      <removed_mapping ext="pdf" approved="true" type="Native" />
      <removed_mapping ext="psd" approved="true" type="Image" />
      <removed_mapping ext="sh" approved="true" type="Shell Script" />
      <removed_mapping ext="zsh" approved="true" type="Shell Script" />
    </extensionMap>
  </component>
</application>